Year,Indicator,ISO,Country,Breakdown,Unit of measure,Value
2021,Public spending on active labour market policies,IRL,Ireland,Training,Share of GDP,0.07
2021,Public spending on active labour market policies,IRL,Ireland,Placement and related services,Share of GDP,0.01
2021,Public spending on active labour market policies,IRL,Ireland,Employment incentives,Share of GDP,1.03
2021,Public spending on active labour market policies,IRL,Ireland,Direct job creation,Share of GDP,0.09
2021,Public spending on active labour market policies,IRL,Ireland,Start-up incentives,Share of GDP,0
2022,Public spending on active labour market policies,AUT,Austria,Training,Share of GDP,0.43
2022,Public spending on active labour market policies,AUT,Austria,Placement and related services,Share of GDP,0.13
2022,Public spending on active labour market policies,AUT,Austria,Employment incentives,Share of GDP,0.11
2022,Public spending on active labour market policies,AUT,Austria,Direct job creation,Share of GDP,0.05
2022,Public spending on active labour market policies,AUT,Austria,Start-up incentives,Share of GDP,0
2022,Public spending on active labour market policies,SWE,Sweden,Training,Share of GDP,0.06
2022,Public spending on active labour market policies,SWE,Sweden,Placement and related services,Share of GDP,0.27
2022,Public spending on active labour market policies,SWE,Sweden,Employment incentives,Share of GDP,0.35
2022,Public spending on active labour market policies,SWE,Sweden,Direct job creation,Share of GDP,0
2022,Public spending on active labour market policies,SWE,Sweden,Start-up incentives,Share of GDP,0.01
2022,Public spending on active labour market policies,LUX,Luxembourg,Training,Share of GDP,0.19
2022,Public spending on active labour market policies,LUX,Luxembourg,Placement and related services,Share of GDP,0.04
2022,Public spending on active labour market policies,LUX,Luxembourg,Employment incentives,Share of GDP,0.29
2022,Public spending on active labour market policies,LUX,Luxembourg,Direct job creation,Share of GDP,0.13
2022,Public spending on active labour market policies,LUX,Luxembourg,Start-up incentives,Share of GDP,0
2022,Public spending on active labour market policies,FIN,Finland,Training,Share of GDP,0.28
2022,Public spending on active labour market policies,FIN,Finland,Placement and related services,Share of GDP,0.09
2022,Public spending on active labour market policies,FIN,Finland,Employment incentives,Share of GDP,0.06
2022,Public spending on active labour market policies,FIN,Finland,Direct job creation,Share of GDP,0.13
2022,Public spending on active labour market policies,FIN,Finland,Start-up incentives,Share of GDP,0.02
2022,Public spending on active labour market policies,FRA,France,Training,Share of GDP,0.35
2022,Public spending on active labour market policies,FRA,France,Placement and related services,Share of GDP,0.07
2022,Public spending on active labour market policies,FRA,France,Employment incentives,Share of GDP,0.05
2022,Public spending on active labour market policies,FRA,France,Direct job creation,Share of GDP,0.07
2022,Public spending on active labour market policies,FRA,France,Start-up incentives,Share of GDP,0.03
2022,Public spending on active labour market policies,ESP,Spain,Training,Share of GDP,0.1
2022,Public spending on active labour market policies,ESP,Spain,Placement and related services,Share of GDP,0.08
2022,Public spending on active labour market policies,ESP,Spain,Employment incentives,Share of GDP,0.11
2022,Public spending on active labour market policies,ESP,Spain,Direct job creation,Share of GDP,0.12
2022,Public spending on active labour market policies,ESP,Spain,Start-up incentives,Share of GDP,0.14
2022,Public spending on active labour market policies,BEL,Belgium,Training,Share of GDP,0.18
2022,Public spending on active labour market policies,BEL,Belgium,Placement and related services,Share of GDP,0.11
2022,Public spending on active labour market policies,BEL,Belgium,Employment incentives,Share of GDP,0.15
2022,Public spending on active labour market policies,BEL,Belgium,Direct job creation,Share of GDP,0.03
2022,Public spending on active labour market policies,BEL,Belgium,Start-up incentives,Share of GDP,0
2022,Public spending on active labour market policies,PRT,Portugal,Training,Share of GDP,0.18
2022,Public spending on active labour market policies,PRT,Portugal,Placement and related services,Share of GDP,0.04
2022,Public spending on active labour market policies,PRT,Portugal,Employment incentives,Share of GDP,0.16
2022,Public spending on active labour market policies,PRT,Portugal,Direct job creation,Share of GDP,0.03
2022,Public spending on active labour market policies,PRT,Portugal,Start-up incentives,Share of GDP,0
2022,Public spending on active labour market policies,KOR,Korea,Training,Share of GDP,0.08
2022,Public spending on active labour market policies,KOR,Korea,Placement and related services,Share of GDP,0.05
2022,Public spending on active labour market policies,KOR,Korea,Employment incentives,Share of GDP,0.09
2022,Public spending on active labour market policies,KOR,Korea,Direct job creation,Share of GDP,0.14
2022,Public spending on active labour market policies,KOR,Korea,Start-up incentives,Share of GDP,0.04
2022,Public spending on active labour market policies,DEU,Germany,Training,Share of GDP,0.16
2022,Public spending on active labour market policies,DEU,Germany,Placement and related services,Share of GDP,0.16
2022,Public spending on active labour market policies,DEU,Germany,Employment incentives,Share of GDP,0.02
2022,Public spending on active labour market policies,DEU,Germany,Direct job creation,Share of GDP,0.03
2022,Public spending on active labour market policies,DEU,Germany,Start-up incentives,Share of GDP,0.01
2022,Public spending on active labour market policies,DNK,Denmark,Training,Share of GDP,0.23
2022,Public spending on active labour market policies,DNK,Denmark,Placement and related services,Share of GDP,0.03
2022,Public spending on active labour market policies,DNK,Denmark,Employment incentives,Share of GDP,0.06
2022,Public spending on active labour market policies,DNK,Denmark,Direct job creation,Share of GDP,0
2022,Public spending on active labour market policies,DNK,Denmark,Start-up incentives,Share of GDP,0
2022,Public spending on active labour market policies,OECD,OECD,Training,Share of GDP,0.1
2022,Public spending on active labour market policies,OECD,OECD,Placement and related services,Share of GDP,0.05
2022,Public spending on active labour market policies,OECD,OECD,Employment incentives,Share of GDP,0.12
2022,Public spending on active labour market policies,OECD,OECD,Direct job creation,Share of GDP,0.04
2022,Public spending on active labour market policies,OECD,OECD,Start-up incentives,Share of GDP,0.01
2021,Public spending on active labour market policies,GRC,Greece,Training,Share of GDP,0.01
2021,Public spending on active labour market policies,GRC,Greece,Placement and related services,Share of GDP,0
2021,Public spending on active labour market policies,GRC,Greece,Employment incentives,Share of GDP,0.11
2021,Public spending on active labour market policies,GRC,Greece,Direct job creation,Share of GDP,0.13
2021,Public spending on active labour market policies,GRC,Greece,Start-up incentives,Share of GDP,0.05
2022,Public spending on active labour market policies,EST,Estonia,Training,Share of GDP,0.13
2022,Public spending on active labour market policies,EST,Estonia,Placement and related services,Share of GDP,0.1
2022,Public spending on active labour market policies,EST,Estonia,Employment incentives,Share of GDP,0.04
2022,Public spending on active labour market policies,EST,Estonia,Direct job creation,Share of GDP,0
2022,Public spending on active labour market policies,EST,Estonia,Start-up incentives,Share of GDP,0.01
2022,Public spending on active labour market policies,NLD,Netherlands,Training,Share of GDP,0.07
2022,Public spending on active labour market policies,NLD,Netherlands,Placement and related services,Share of GDP,0.06
2022,Public spending on active labour market policies,NLD,Netherlands,Employment incentives,Share of GDP,0.14
2022,Public spending on active labour market policies,NLD,Netherlands,Direct job creation,Share of GDP,0
2022,Public spending on active labour market policies,NLD,Netherlands,Start-up incentives,Share of GDP,0
2022,Public spending on active labour market policies,AUS,Australia,Training,Share of GDP,0.03
2022,Public spending on active labour market policies,AUS,Australia,Placement and related services,Share of GDP,0.07
2022,Public spending on active labour market policies,AUS,Australia,Employment incentives,Share of GDP,0.13
2022,Public spending on active labour market policies,AUS,Australia,Direct job creation,Share of GDP,0
2022,Public spending on active labour market policies,AUS,Australia,Start-up incentives,Share of GDP,0
2022,Public spending on active labour market policies,HUN,Hungary,Training,Share of GDP,0
2022,Public spending on active labour market policies,HUN,Hungary,Placement and related services,Share of GDP,0.03
2022,Public spending on active labour market policies,HUN,Hungary,Employment incentives,Share of GDP,0.05
2022,Public spending on active labour market policies,HUN,Hungary,Direct job creation,Share of GDP,0.14
2022,Public spending on active labour market policies,HUN,Hungary,Start-up incentives,Share of GDP,0
2022,Public spending on active labour market policies,JPN,Japan,Training,Share of GDP,0.01
2022,Public spending on active labour market policies,JPN,Japan,Placement and related services,Share of GDP,0.01
2022,Public spending on active labour market policies,JPN,Japan,Employment incentives,Share of GDP,0.2
2022,Public spending on active labour market policies,JPN,Japan,Direct job creation,Share of GDP,0
2022,Public spending on active labour market policies,JPN,Japan,Start-up incentives,Share of GDP,0
2022,Public spending on active labour market policies,NZL,New Zealand,Training,Share of GDP,0.08
2022,Public spending on active labour market policies,NZL,New Zealand,Placement and related services,Share of GDP,0.04
2022,Public spending on active labour market policies,NZL,New Zealand,Employment incentives,Share of GDP,0.09
2022,Public spending on active labour market policies,NZL,New Zealand,Direct job creation,Share of GDP,0
2022,Public spending on active labour market policies,NZL,New Zealand,Start-up incentives,Share of GDP,0
2020,Public spending on active labour market policies,ITA,Italy,Training,Share of GDP,0.12
2020,Public spending on active labour market policies,ITA,Italy,Placement and related services,Share of GDP,0
2020,Public spending on active labour market policies,ITA,Italy,Employment incentives,Share of GDP,0.09
2020,Public spending on active labour market policies,ITA,Italy,Direct job creation,Share of GDP,0
2020,Public spending on active labour market policies,ITA,Italy,Start-up incentives,Share of GDP,0
2022,Public spending on active labour market policies,NOR,Norway,Training,Share of GDP,0.06
2022,Public spending on active labour market policies,NOR,Norway,Placement and related services,Share of GDP,0.07
2022,Public spending on active labour market policies,NOR,Norway,Employment incentives,Share of GDP,0.05
2022,Public spending on active labour market policies,NOR,Norway,Direct job creation,Share of GDP,0
2022,Public spending on active labour market policies,NOR,Norway,Start-up incentives,Share of GDP,0
2022,Public spending on active labour market policies,POL,Poland,Training,Share of GDP,0.01
2022,Public spending on active labour market policies,POL,Poland,Placement and related services,Share of GDP,0.04
2022,Public spending on active labour market policies,POL,Poland,Employment incentives,Share of GDP,0.07
2022,Public spending on active labour market policies,POL,Poland,Direct job creation,Share of GDP,0.01
2022,Public spending on active labour market policies,POL,Poland,Start-up incentives,Share of GDP,0.03
2022,Public spending on active labour market policies,LTU,Lithuania,Training,Share of GDP,0.06
2022,Public spending on active labour market policies,LTU,Lithuania,Placement and related services,Share of GDP,0.02
2022,Public spending on active labour market policies,LTU,Lithuania,Employment incentives,Share of GDP,0.08
2022,Public spending on active labour market policies,LTU,Lithuania,Direct job creation,Share of GDP,0
2022,Public spending on active labour market policies,LTU,Lithuania,Start-up incentives,Share of GDP,0
2022,Public spending on active labour market policies,SVN,Slovenia,Training,Share of GDP,0.04
2022,Public spending on active labour market policies,SVN,Slovenia,Placement and related services,Share of GDP,0.04
2022,Public spending on active labour market policies,SVN,Slovenia,Employment incentives,Share of GDP,0.04
2022,Public spending on active labour market policies,SVN,Slovenia,Direct job creation,Share of GDP,0.03
2022,Public spending on active labour market policies,SVN,Slovenia,Start-up incentives,Share of GDP,0
2022,Public spending on active labour market policies,ISL,Iceland,Training,Share of GDP,0
2022,Public spending on active labour market policies,ISL,Iceland,Placement and related services,Share of GDP,0
2022,Public spending on active labour market policies,ISL,Iceland,Employment incentives,Share of GDP,0.13
2022,Public spending on active labour market policies,ISL,Iceland,Direct job creation,Share of GDP,0.02
2022,Public spending on active labour market policies,ISL,Iceland,Start-up incentives,Share of GDP,0
2011,Public spending on active labour market policies,GBR,United Kingdom,Training,Share of GDP,0.01
2011,Public spending on active labour market policies,GBR,United Kingdom,Placement and related services,Share of GDP,0.11
2011,Public spending on active labour market policies,GBR,United Kingdom,Employment incentives,Share of GDP,0.01
2011,Public spending on active labour market policies,GBR,United Kingdom,Direct job creation,Share of GDP,0.01
2011,Public spending on active labour market policies,GBR,United Kingdom,Start-up incentives,Share of GDP,0
2022,Public spending on active labour market policies,CRI,Costa Rica,Training,Share of GDP,0.11
2022,Public spending on active labour market policies,CRI,Costa Rica,Placement and related services,Share of GDP,0
2022,Public spending on active labour market policies,CRI,Costa Rica,Employment incentives,Share of GDP,0
2022,Public spending on active labour market policies,CRI,Costa Rica,Direct job creation,Share of GDP,0.01
2022,Public spending on active labour market policies,CRI,Costa Rica,Start-up incentives,Share of GDP,0
2022,Public spending on active labour market policies,CAN,Canada,Training,Share of GDP,0.06
2022,Public spending on active labour market policies,CAN,Canada,Placement and related services,Share of GDP,0.02
2022,Public spending on active labour market policies,CAN,Canada,Employment incentives,Share of GDP,0.01
2022,Public spending on active labour market policies,CAN,Canada,Direct job creation,Share of GDP,0.01
2022,Public spending on active labour market policies,CAN,Canada,Start-up incentives,Share of GDP,0
2021,Public spending on active labour market policies,ISR,Israel,Training,Share of GDP,0.04
2021,Public spending on active labour market policies,ISR,Israel,Placement and related services,Share of GDP,0.03
2021,Public spending on active labour market policies,ISR,Israel,Employment incentives,Share of GDP,0.03
2021,Public spending on active labour market policies,ISR,Israel,Direct job creation,Share of GDP,0
2021,Public spending on active labour market policies,ISR,Israel,Start-up incentives,Share of GDP,0
2022,Public spending on active labour market policies,SVK,Slovak Republic,Training,Share of GDP,0.01
2022,Public spending on active labour market policies,SVK,Slovak Republic,Placement and related services,Share of GDP,0
2022,Public spending on active labour market policies,SVK,Slovak Republic,Employment incentives,Share of GDP,0.07
2022,Public spending on active labour market policies,SVK,Slovak Republic,Direct job creation,Share of GDP,0
2022,Public spending on active labour market policies,SVK,Slovak Republic,Start-up incentives,Share of GDP,0.01
2022,Public spending on active labour market policies,CHL,Chile,Training,Share of GDP,0.03
2022,Public spending on active labour market policies,CHL,Chile,Placement and related services,Share of GDP,0.01
2022,Public spending on active labour market policies,CHL,Chile,Employment incentives,Share of GDP,0
2022,Public spending on active labour market policies,CHL,Chile,Direct job creation,Share of GDP,0.04
2022,Public spending on active labour market policies,CHL,Chile,Start-up incentives,Share of GDP,0
2022,Public spending on active labour market policies,LVA,Latvia,Training,Share of GDP,0.02
2022,Public spending on active labour market policies,LVA,Latvia,Placement and related services,Share of GDP,0
2022,Public spending on active labour market policies,LVA,Latvia,Employment incentives,Share of GDP,0.03
2022,Public spending on active labour market policies,LVA,Latvia,Direct job creation,Share of GDP,0.02
2022,Public spending on active labour market policies,LVA,Latvia,Start-up incentives,Share of GDP,0
2022,Public spending on active labour market policies,CZE,Czechia,Training,Share of GDP,0
2022,Public spending on active labour market policies,CZE,Czechia,Placement and related services,Share of GDP,0.02
2022,Public spending on active labour market policies,CZE,Czechia,Employment incentives,Share of GDP,0.01
2022,Public spending on active labour market policies,CZE,Czechia,Direct job creation,Share of GDP,0.01
2022,Public spending on active labour market policies,CZE,Czechia,Start-up incentives,Share of GDP,0
2022,Public spending on active labour market policies,USA,United States,Training,Share of GDP,0.02
2022,Public spending on active labour market policies,USA,United States,Placement and related services,Share of GDP,0
2022,Public spending on active labour market policies,USA,United States,Employment incentives,Share of GDP,0.01
2022,Public spending on active labour market policies,USA,United States,Direct job creation,Share of GDP,0
2022,Public spending on active labour market policies,USA,United States,Start-up incentives,Share of GDP,0
2022,Public spending on active labour market policies,MEX,Mexico,Training,Share of GDP,0
2022,Public spending on active labour market policies,MEX,Mexico,Placement and related services,Share of GDP,0
2022,Public spending on active labour market policies,MEX,Mexico,Employment incentives,Share of GDP,0
2022,Public spending on active labour market policies,MEX,Mexico,Direct job creation,Share of GDP,0
2022,Public spending on active labour market policies,MEX,Mexico,Start-up incentives,Share of GDP,0